year,state,all_instruction_pp,cpi
2002,United States,4722,178.1666667
2002,Alabama,3743,178.1666667
2002,Alaska,5618,178.1666667
2002,Arizona,3094,178.1666667
2002,Arkansas,3774,178.1666667
2002,California,4628,178.1666667
2002,Colorado,3995,178.1666667
2002,Connecticut,6263,178.1666667
2002,Delaware,5755,178.1666667
2002,District of Columbia,6473,178.1666667
2002,Florida,3512,178.1666667
2002,Georgia,4688,178.1666667
2002,Hawaii,4417,178.1666667
2002,Idaho,3639,178.1666667
2002,Illinois,4823,178.1666667
2002,Indiana,4611,178.1666667
2002,Iowa,4342,178.1666667
2002,Kansas,4166,178.1666667
2002,Kentucky,3971,178.1666667
2002,Louisiana,3976,178.1666667
2002,Maine,5450,178.1666667
2002,Maryland,5209,178.1666667
2002,Massachusetts,6142,178.1666667
2002,Michigan,4858,178.1666667
2002,Minnesota,4895,178.1666667
2002,Mississippi,3224,178.1666667
2002,Missouri,4275,178.1666667
2002,Montana,4363,178.1666667
2002,Nebraska,4704,178.1666667
2002,Nevada,3766,178.1666667
2002,New Hampshire,4913,178.1666667
2002,New Jersey,6608,178.1666667
2002,New Mexico,3733,178.1666667
2002,New York,7945,178.1666667
2002,North Carolina,4119,178.1666667
2002,North Dakota,4112,178.1666667
2002,Ohio,4661,178.1666667
2002,Oklahoma,3529,178.1666667
2002,Oregon,4461,178.1666667
2002,Pennsylvania,5440,178.1666667
2002,Rhode Island,5828,178.1666667
2002,South Carolina,4199,178.1666667
2002,South Dakota,3821,178.1666667
2002,Tennessee,3875,178.1666667
2002,Texas,4092,178.1666667
2002,Utah,3194,178.1666667
2002,Vermont,6045,178.1666667
2002,Virginia,4622,178.1666667
2002,Washington,4144,178.1666667
2002,West Virginia,4773,178.1666667
2002,Wisconsin,5303,178.1666667
2002,Wyoming,5277,178.1666667
2003,United States,4902,182.0916667
2003,Alabama,3868,182.0916667
2003,Alaska,5728,182.0916667
2003,Arizona,3168,182.0916667
2003,Arkansas,3924,182.0916667
2003,California,4666,182.0916667
2003,Colorado,4212,182.0916667
2003,Connecticut,6458,182.0916667
2003,Delaware,6002,182.0916667
2003,District of Columbia,6976,182.0916667
2003,Florida,3793,182.0916667
2003,Georgia,4916,182.0916667
2003,Hawaii,4833,182.0916667
2003,Idaho,3720,182.0916667
2003,Illinois,5052,182.0916667
2003,Indiana,4782,182.0916667
2003,Iowa,4474,182.0916667
2003,Kansas,4401,182.0916667
2003,Kentucky,4068,182.0916667
2003,Louisiana,4161,182.0916667
2003,Maine,5826,182.0916667
2003,Maryland,5467,182.0916667
2003,Massachusetts,6336,182.0916667
2003,Michigan,4889,182.0916667
2003,Minnesota,5178,182.0916667
2003,Mississippi,3462,182.0916667
2003,Missouri,4422,182.0916667
2003,Montana,4589,182.0916667
2003,Nebraska,4967,182.0916667
2003,Nevada,3807,182.0916667
2003,New Hampshire,5217,182.0916667
2003,New Jersey,7085,182.0916667
2003,New Mexico,3870,182.0916667
2003,New York,8375,182.0916667
2003,North Carolina,4197,182.0916667
2003,North Dakota,4326,182.0916667
2003,Ohio,4881,182.0916667
2003,Oklahoma,3458,182.0916667
2003,Oregon,4407,182.0916667
2003,Pennsylvania,5739,182.0916667
2003,Rhode Island,5704,182.0916667
2003,South Carolina,4169,182.0916667
2003,South Dakota,3913,182.0916667
2003,Tennessee,4002,182.0916667
2003,Texas,4286,182.0916667
2003,Utah,3123,182.0916667
2003,Vermont,6438,182.0916667
2003,Virginia,4814,182.0916667
2003,Washington,4270,182.0916667
2003,West Virginia,5044,182.0916667
2003,Wisconsin,5532,182.0916667
2003,Wyoming,5507,182.0916667
2004,United States,5056.45,186.1083333
2004,Alabama,3934.06,186.1083333
2004,Alaska,5820.89,186.1083333
2004,Arizona,3457.88,186.1083333
2004,Arkansas,4104.95,186.1083333
2004,California,4690.48,186.1083333
2004,Colorado,4265.18,186.1083333
2004,Connecticut,6714.41,186.1083333
2004,Delaware,6300.2,186.1083333
2004,District of Columbia,6337.13,186.1083333
2004,Florida,4015.06,186.1083333
2004,Georgia,4921.66,186.1083333
2004,Hawaii,5139.44,186.1083333
2004,Idaho,3741.96,186.1083333
2004,Illinois,5195.31,186.1083333
2004,Indiana,4976.89,186.1083333
2004,Iowa,4688.5,186.1083333
2004,Kansas,4538.65,186.1083333
2004,Kentucky,4102.62,186.1083333
2004,Louisiana,4348.53,186.1083333
2004,Maine,6269.76,186.1083333
2004,Maryland,5710.52,186.1083333
2004,Massachusetts,6669.13,186.1083333
2004,Michigan,5181.57,186.1083333
2004,Minnesota,5444.12,186.1083333
2004,Mississippi,3718.29,186.1083333
2004,Missouri,4433.34,186.1083333
2004,Montana,4751.53,186.1083333
2004,Nebraska,5162.66,186.1083333
2004,Nevada,4008.37,186.1083333
2004,New Hampshire,5587.86,186.1083333
2004,New Jersey,7523.95,186.1083333
2004,New Mexico,4149.42,186.1083333
2004,New York,8840.35,186.1083333
2004,North Carolina,4176.52,186.1083333
2004,North Dakota,4727.38,186.1083333
2004,Ohio,5105.03,186.1083333
2004,Oklahoma,3422.62,186.1083333
2004,Oregon,4498.99,186.1083333
2004,Pennsylvania,6048.69,186.1083333
2004,Rhode Island,6048.09,186.1083333
2004,South Carolina,4238.87,186.1083333
2004,South Dakota,4168.99,186.1083333
2004,Tennessee,4215.88,186.1083333
2004,Texas,4286.45,186.1083333
2004,Utah,3186.57,186.1083333
2004,Vermont,6919.85,186.1083333
2004,Virginia,5041.26,186.1083333
2004,Washington,4355.92,186.1083333
2004,West Virginia,5197.23,186.1083333
2004,Wisconsin,5643.56,186.1083333
2004,Wyoming,5567.89,186.1083333
2005,United States,5303.13,191.7
2005,Alabama,4183.42,191.7
2005,Alaska,6258.42,191.7
2005,Arizona,3577.44,191.7
2005,Arkansas,4581.91,191.7
2005,California,4901.92,191.7
2005,Colorado,4404.28,191.7
2005,Connecticut,7203.5,191.7
2005,Delaware,6717.6,191.7
2005,District of Columbia,5354.62,191.7
2005,Florida,4260.76,191.7
2005,Georgia,5078.85,191.7
2005,Hawaii,5498.3,191.7
2005,Idaho,3899.82,191.7
2005,Illinois,5325.07,191.7
2005,Indiana,5267.26,191.7
2005,Iowa,4857.32,191.7
2005,Kansas,4639.25,191.7
2005,Kentucky,4245.18,191.7
2005,Louisiana,4549.3,191.7
2005,Maine,6603.08,191.7
2005,Maryland,5970.73,191.7
2005,Massachusetts,6986.72,191.7
2005,Michigan,5319.49,191.7
2005,Minnesota,5652.99,191.7
2005,Mississippi,3914.91,191.7
2005,Missouri,4672.71,191.7
2005,Montana,4921.83,191.7
2005,Nebraska,5213.82,191.7
2005,Nevada,4163.4,191.7
2005,New Hampshire,5931.25,191.7
2005,New Jersey,7966.36,191.7
2005,New Mexico,4280.86,191.7
2005,New York,9721.6,191.7
2005,North Carolina,4530.9,191.7
2005,North Dakota,4998.09,191.7
2005,Ohio,5271.62,191.7
2005,Oklahoma,3661.77,191.7
2005,Oregon,4772.83,191.7
2005,Pennsylvania,6381.41,191.7
2005,Rhode Island,6063.63,191.7
2005,South Carolina,4438.67,191.7
2005,South Dakota,4317.91,191.7
2005,Tennessee,4377.95,191.7
2005,Texas,4371.99,191.7
2005,Utah,3345.02,191.7
2005,Vermont,7314.57,191.7
2005,Virginia,5451.19,191.7
2005,Washington,4538.91,191.7
2005,West Virginia,5454.12,191.7
2005,Wisconsin,5968.01,191.7
2005,Wyoming,6066.81,191.7
2006,United States,5543.13,198.9416667
2006,Alabama,4468.72,198.9416667
2006,Alaska,6557.41,198.9416667
2006,Arizona,3717.48,198.9416667
2006,Arkansas,4788.04,198.9416667
2006,California,5126.57,198.9416667
2006,Colorado,4562.68,198.9416667
2006,Connecticut,7637.29,198.9416667
2006,Delaware,7095.58,198.9416667
2006,District of Columbia,5729.02,198.9416667
2006,Florida,4583.98,198.9416667
2006,Georgia,5369.48,198.9416667
2006,Hawaii,5893.02,198.9416667
2006,Idaho,3979.59,198.9416667
2006,Illinois,5386.69,198.9416667
2006,Indiana,5211.94,198.9416667
2006,Iowa,5016.37,198.9416667
2006,Kansas,5102.78,198.9416667
2006,Kentucky,4535.25,198.9416667
2006,Louisiana,4885.76,198.9416667
2006,Maine,6804.04,198.9416667
2006,Maryland,6436.11,198.9416667
2006,Massachusetts,7406.45,198.9416667
2006,Michigan,5437,198.9416667
2006,Minnesota,5890.65,198.9416667
2006,Mississippi,4243.38,198.9416667
2006,Missouri,4894.96,198.9416667
2006,Montana,5188.42,198.9416667
2006,Nebraska,5488.75,198.9416667
2006,Nevada,4459.63,198.9416667
2006,New Hampshire,6306.89,198.9416667
2006,New Jersey,8440.81,198.9416667
2006,New Mexico,4591.48,198.9416667
2006,New York,10285.06,198.9416667
2006,North Carolina,4568.88,198.9416667
2006,North Dakota,5226.67,198.9416667
2006,Ohio,5425.03,198.9416667
2006,Oklahoma,3842.49,198.9416667
2006,Oregon,4998.51,198.9416667
2006,Pennsylvania,6612.13,198.9416667
2006,Rhode Island,6855.6,198.9416667
2006,South Carolina,4698.19,198.9416667
2006,South Dakota,4534.86,198.9416667
2006,Tennessee,4453.88,198.9416667
2006,Texas,4561.46,198.9416667
2006,Utah,3442.66,198.9416667
2006,Vermont,7799.82,198.9416667
2006,Virginia,5784.8,198.9416667
2006,Washington,4678.62,198.9416667
2006,West Virginia,5610.27,198.9416667
2006,Wisconsin,6083.97,198.9416667
2006,Wyoming,6629.06,198.9416667
2007,United States,5867.06,204.112
2007,Alabama,4911.35,204.112
2007,Alaska,7014.14,204.112
2007,Arizona,4101.85,204.112
2007,Arkansas,4919.58,204.112
2007,California,5508.11,204.112
2007,Colorado,4748.39,204.112
2007,Connecticut,7988.2,204.112
2007,Delaware,7149.04,204.112
2007,District of Columbia,6225.61,204.112
2007,Florida,5073.5,204.112
2007,Georgia,5815.97,204.112
2007,Hawaii,6516.87,204.112
2007,Idaho,4066.15,204.112
2007,Illinois,5626.6,204.112
2007,Indiana,5326.36,204.112
2007,Iowa,5293.96,204.112
2007,Kansas,5547.17,204.112
2007,Kentucky,4926.41,204.112
2007,Louisiana,5179.31,204.112
2007,Maine,7267.56,204.112
2007,Maryland,7081.68,204.112
2007,Massachusetts,7846.45,204.112
2007,Michigan,5650.05,204.112
2007,Minnesota,6163.4,204.112
2007,Mississippi,4372.08,204.112
2007,Missouri,5174.29,204.112
2007,Montana,5502.02,204.112
2007,Nebraska,5776.29,204.112
2007,Nevada,4841.85,204.112
2007,New Hampshire,6700.58,204.112
2007,New Jersey,9137.47,204.112
2007,New Mexico,4912.19,204.112
2007,New York,11042.3,204.112
2007,North Carolina,4934.64,204.112
2007,North Dakota,5423.42,204.112
2007,Ohio,5516.78,204.112
2007,Oklahoma,4207.87,204.112
2007,Oregon,5279.93,204.112
2007,Pennsylvania,6608.27,204.112
2007,Rhode Island,7333.89,204.112
2007,South Carolina,4908.18,204.112
2007,South Dakota,4735.76,204.112
2007,Tennessee,4571.94,204.112
2007,Texas,4665.95,204.112
2007,Utah,3603.51,204.112
2007,Vermont,8268.63,204.112
2007,Virginia,6248.36,204.112
2007,Washington,5017.74,204.112
2007,West Virginia,5717.24,204.112
2007,Wisconsin,6270.84,204.112
2007,Wyoming,7781.75,204.112
2008,United States,6211.29,211.684
2008,Alabama,5309.46,211.684
2008,Alaska,8523.1,211.684
2008,Arizona,4306.3,211.684
2008,Arkansas,5009.12,211.684
2008,California,5904.34,211.684
2008,Colorado,5286.46,211.684
2008,Connecticut,8509.11,211.684
2008,Delaware,7430.62,211.684
2008,District of Columbia,6541.85,211.684
2008,Florida,5440.05,211.684
2008,Georgia,6210.24,211.684
2008,Hawaii,7125.39,211.684
2008,Idaho,4229.18,211.684
2008,Illinois,6022.43,211.684
2008,Indiana,5324.04,211.684
2008,Iowa,5642.71,211.684
2008,Kansas,5922.38,211.684
2008,Kentucky,5138.53,211.684
2008,Louisiana,5851.78,211.684
2008,Maine,6677.26,211.684
2008,Maryland,7821.14,211.684
2008,Massachusetts,8304.49,211.684
2008,Michigan,5728.85,211.684
2008,Minnesota,6477,211.684
2008,Mississippi,4634.55,211.684
2008,Missouri,5559.19,211.684
2008,Montana,5828.64,211.684
2008,Nebraska,6133.64,211.684
2008,Nevada,4884.81,211.684
2008,New Hampshire,7269.17,211.684
2008,New Jersey,9545.98,211.684
2008,New Mexico,5265.7,211.684
2008,New York,11817.99,211.684
2008,North Carolina,5033.34,211.684
2008,North Dakota,5815.67,211.684
2008,Ohio,5705.87,211.684
2008,Oklahoma,4322.1,211.684
2008,Oregon,5564.45,211.684
2008,Pennsylvania,7133.76,211.684
2008,Rhode Island,7856.67,211.684
2008,South Carolina,5209.28,211.684
2008,South Dakota,5014.19,211.684
2008,Tennessee,4889.07,211.684
2008,Texas,4986.46,211.684
2008,Utah,3717.8,211.684
2008,Vermont,8737.01,211.684
2008,Virginia,6497.53,211.684
2008,Washington,5398.14,211.684
2008,West Virginia,5919.79,211.684
2008,Wisconsin,6474.74,211.684
2008,Wyoming,8184.94,211.684
2009,United States,6368.76,214.6485833
2009,Alabama,5141.77,214.6485833
2009,Alaska,8674.68,214.6485833
2009,Arizona,4376.5,214.6485833
2009,Arkansas,5088.97,214.6485833
2009,California,5775.84,214.6485833
2009,Colorado,5047.19,214.6485833
2009,Connecticut,8872.02,214.6485833
2009,Delaware,7474.8,214.6485833
2009,District of Columbia,7459.75,214.6485833
2009,Florida,5293.15,214.6485833
2009,Georgia,6052.13,214.6485833
2009,Hawaii,7813.24,214.6485833
2009,Idaho,4320.32,214.6485833
2009,Illinois,6330.45,214.6485833
2009,Indiana,5388.99,214.6485833
2009,Iowa,5977.07,214.6485833
2009,Kansas,6128.04,214.6485833
2009,Kentucky,5177.5,214.6485833
2009,Louisiana,6113.68,214.6485833
2009,Maine,7059.13,214.6485833
2009,Maryland,8176.7,214.6485833
2009,Massachusetts,8737.17,214.6485833
2009,Michigan,6057.22,214.6485833
2009,Minnesota,7241.95,214.6485833
2009,Mississippi,4718.52,214.6485833
2009,Missouri,5759.3,214.6485833
2009,Montana,6043.42,214.6485833
2009,Nebraska,6460.23,214.6485833
2009,Nevada,4978.78,214.6485833
2009,New Hampshire,7433.88,214.6485833
2009,New Jersey,9336.87,214.6485833
2009,New Mexico,5498.36,214.6485833
2009,New York,12524.14,214.6485833
2009,North Carolina,5470.45,214.6485833
2009,North Dakota,6125.85,214.6485833
2009,Ohio,5940.34,214.6485833
2009,Oklahoma,4401.39,214.6485833
2009,Oregon,5690.05,214.6485833
2009,Pennsylvania,7516.43,214.6485833
2009,Rhode Island,7906.4,214.6485833
2009,South Carolina,5329.5,214.6485833
2009,South Dakota,5097.45,214.6485833
2009,Tennessee,4953.93,214.6485833
2009,Texas,5141.98,214.6485833
2009,Utah,4074.57,214.6485833
2009,Vermont,9183.76,214.6485833
2009,Virginia,6629.68,214.6485833
2009,Washington,5775.42,214.6485833
2009,West Virginia,6241.03,214.6485833
2009,Wisconsin,6755.53,214.6485833
2009,Wyoming,8564.66,214.6485833
2010,United States,6465.11,216.7613333
2010,Alabama,5205.16,216.7613333
2010,Alaska,8773.32,216.7613333
2010,Arizona,4380.71,216.7613333
2010,Arkansas,5301.19,216.7613333
2010,California,5642.67,216.7613333
2010,Colorado,5116.53,216.7613333
2010,Connecticut,9273.15,216.7613333
2010,Delaware,7621.06,216.7613333
2010,District of Columbia,8394.43,216.7613333
2010,Florida,5278.97,216.7613333
2010,Georgia,5871.64,216.7613333
2010,Hawaii,7334.55,216.7613333
2010,Idaho,4349.09,216.7613333
2010,Illinois,6919.89,216.7613333
2010,Indiana,5593.66,216.7613333
2010,Iowa,6046.05,216.7613333
2010,Kansas,6015.62,216.7613333
2010,Kentucky,5319.28,216.7613333
2010,Louisiana,6231.6,216.7613333
2010,Maine,7202.19,216.7613333
2010,Maryland,8426.6,216.7613333
2010,Massachusetts,8320.45,216.7613333
2010,Michigan,6206.4,216.7613333
2010,Minnesota,7081.83,216.7613333
2010,Mississippi,4753.75,216.7613333
2010,Missouri,5836.28,216.7613333
2010,Montana,6321.6,216.7613333
2010,Nebraska,7085.5,216.7613333
2010,Nevada,4994.9,216.7613333
2010,New Hampshire,7789.12,216.7613333
2010,New Jersey,9739.95,216.7613333
2010,New Mexico,5433.88,216.7613333
2010,New York,12984.23,216.7613333
2010,North Carolina,5287.86,216.7613333
2010,North Dakota,6604.19,216.7613333
2010,Ohio,6170.64,216.7613333
2010,Oklahoma,4437.89,216.7613333
2010,Oregon,5608.16,216.7613333
2010,Pennsylvania,7903.51,216.7613333
2010,Rhode Island,7980.45,216.7613333
2010,South Carolina,5236.93,216.7613333
2010,South Dakota,5335.86,216.7613333
2010,Tennessee,5079.2,216.7613333
2010,Texas,5307.44,216.7613333
2010,Utah,3861.35,216.7613333
2010,Vermont,9254.36,216.7613333
2010,Virginia,6463.46,216.7613333
2010,Washington,5734.82,216.7613333
2010,West Virginia,7019.27,216.7613333
2010,Wisconsin,6931.13,216.7613333
2010,Wyoming,8959.16,216.7613333
2011,United States,6457.72,221.0613333
2011,Alabama,5143.26,221.0613333
2011,Alaska,9225.7,221.0613333
2011,Arizona,4202.3,221.0613333
2011,Arkansas,5373.55,221.0613333
2011,California,5517.22,221.0613333
2011,Colorado,5028.63,221.0613333
2011,Connecticut,9696.36,221.0613333
2011,Delaware,8001.68,221.0613333
2011,District of Columbia,8822.48,221.0613333
2011,Florida,5418.07,221.0613333
2011,Georgia,5739.98,221.0613333
2011,Hawaii,6979.55,221.0613333
2011,Idaho,4156.94,221.0613333
2011,Illinois,6986.03,221.0613333
2011,Indiana,5475.69,221.0613333
2011,Iowa,6070.99,221.0613333
2011,Kansas,5879.16,221.0613333
2011,Kentucky,5444.62,221.0613333
2011,Louisiana,6258.46,221.0613333
2011,Maine,7325.46,221.0613333
2011,Maryland,8457.47,221.0613333
2011,Massachusetts,8562.64,221.0613333
2011,Michigan,6317.99,221.0613333
2011,Minnesota,7065.76,221.0613333
2011,Mississippi,4562.79,221.0613333
2011,Missouri,5688.49,221.0613333
2011,Montana,6377.6,221.0613333
2011,Nebraska,7061.58,221.0613333
2011,Nevada,5031.42,221.0613333
2011,New Hampshire,8332.43,221.0613333
2011,New Jersey,9256.28,221.0613333
2011,New Mexico,5264.61,221.0613333
2011,New York,13287.14,221.0613333
2011,North Carolina,5224.86,221.0613333
2011,North Dakota,6866.59,221.0613333
2011,Ohio,6251.37,221.0613333
2011,Oklahoma,4311.06,221.0613333
2011,Oregon,5625.48,221.0613333
2011,Pennsylvania,8194.17,221.0613333
2011,Rhode Island,8153.74,221.0613333
2011,South Carolina,5091.63,221.0613333
2011,South Dakota,5256.52,221.0613333
2011,Tennessee,5015.47,221.0613333
2011,Texas,5240.41,221.0613333
2011,Utah,3955.55,221.0613333
2011,Vermont,9630.85,221.0613333
2011,Virginia,6281.2,221.0613333
2011,Washington,5759.64,221.0613333
2011,West Virginia,7125.82,221.0613333
2011,Wisconsin,7102.57,221.0613333
2011,Wyoming,9366.34,221.0613333
2012,United States,6430.06,227.5535
2012,Alabama,4959.36,227.5535
2012,Alaska,9602.72,227.5535
2012,Arizona,4155.52,227.5535
2012,Arkansas,5349.92,227.5535
2012,California,5514.9,227.5535
2012,Colorado,4943.58,227.5535
2012,Connecticut,10078.09,227.5535
2012,Delaware,8832.14,227.5535
2012,District of Columbia,10635.44,227.5535
2012,Florida,5100.07,227.5535
2012,Georgia,5692.55,227.5535
2012,Hawaii,6912.41,227.5535
2012,Idaho,4011.54,227.5535
2012,Illinois,7105.91,227.5535
2012,Indiana,5618.15,227.5535
2012,Iowa,6196.03,227.5535
2012,Kansas,6040.23,227.5535
2012,Kentucky,5423.17,227.5535
2012,Louisiana,6560.07,227.5535
2012,Maine,7019.74,227.5535
2012,Maryland,8363.56,227.5535
2012,Massachusetts,8665.43,227.5535
2012,Michigan,6381.77,227.5535
2012,Minnesota,7093.12,227.5535
2012,Mississippi,4670.29,227.5535
2012,Missouri,5661.3,227.5535
2012,Montana,6244.55,227.5535
2012,Nebraska,7469.88,227.5535
2012,Nevada,4782.35,227.5535
2012,New Hampshire,8664.21,227.5535
2012,New Jersey,9964.24,227.5535
2012,New Mexico,5138.19,227.5535
2012,New York,13582.36,227.5535
2012,North Carolina,5143.91,227.5535
2012,North Dakota,7029.74,227.5535
2012,Ohio,6183.12,227.5535
2012,Oklahoma,4064.82,227.5535
2012,Oregon,5499.67,227.5535
2012,Pennsylvania,8134.98,227.5535
2012,Rhode Island,8321.7,227.5535
2012,South Carolina,5152.99,227.5535
2012,South Dakota,5027.43,227.5535
2012,Tennessee,5158.29,227.5535
2012,Texas,4933.69,227.5535
2012,Utah,3903.02,227.5535
2012,Vermont,9667.73,227.5535
2012,Virginia,6456.14,227.5535
2012,Washington,5614.87,227.5535
2012,West Virginia,6714.05,227.5535
2012,Wisconsin,6522.66,227.5535
2012,Wyoming,9398.42,227.5535
2013,United States,6503.92,231.3886667
2013,Alabama,5030.94,231.3886667
2013,Alaska,10104.81,231.3886667
2013,Arizona,4016.16,231.3886667
2013,Arkansas,5318.93,231.3886667
2013,California,5506.58,231.3886667
2013,Colorado,5035.89,231.3886667
2013,Connecticut,10285.18,231.3886667
2013,Delaware,8636.95,231.3886667
2013,District of Columbia,10771.05,231.3886667
2013,Florida,5161.51,231.3886667
2013,Georgia,5615.85,231.3886667
2013,Hawaii,6948.86,231.3886667
2013,Idaho,4092.33,231.3886667
2013,Illinois,7290.75,231.3886667
2013,Indiana,5516.75,231.3886667
2013,Iowa,6356.47,231.3886667
2013,Kansas,6072.35,231.3886667
2013,Kentucky,5348.24,231.3886667
2013,Louisiana,5905.25,231.3886667
2013,Maine,6969.52,231.3886667
2013,Maryland,8499.36,231.3886667
2013,Massachusetts,8934.32,231.3886667
2013,Michigan,6433.35,231.3886667
2013,Minnesota,7260.73,231.3886667
2013,Mississippi,4614.73,231.3886667
2013,Missouri,5728.35,231.3886667
2013,Montana,6351.8,231.3886667
2013,Nebraska,7645.59,231.3886667
2013,Nevada,4767.61,231.3886667
2013,New Hampshire,8659.66,231.3886667
2013,New Jersey,10815.46,231.3886667
2013,New Mexico,5225.4,231.3886667
2013,New York,13756.03,231.3886667
2013,North Carolina,5231.63,231.3886667
2013,North Dakota,7116.75,231.3886667
2013,Ohio,6171.63,231.3886667
2013,Oklahoma,4170.34,231.3886667
2013,Oregon,5517.36,231.3886667
2013,Pennsylvania,8556.78,231.3886667
2013,Rhode Island,8414.71,231.3886667
2013,South Carolina,5348.79,231.3886667
2013,South Dakota,5019.23,231.3886667
2013,Tennessee,5230.7,231.3886667
2013,Texas,4946.69,231.3886667
2013,Utah,4199.03,231.3886667
2013,Vermont,9874.37,231.3886667
2013,Virginia,6672.66,231.3886667
2013,Washington,5625.02,231.3886667
2013,West Virginia,6475.98,231.3886667
2013,Wisconsin,6526.92,231.3886667
2013,Wyoming,9252.09,231.3886667
2014,United States,6653.84,234.989
2014,Alabama,5164,234.989
2014,Alaska,10314.6,234.989
2014,Arizona,4091.03,234.989
2014,Arkansas,5430.49,234.989
2014,California,5708.51,234.989
2014,Colorado,5158.63,234.989
2014,Connecticut,11030.81,234.989
2014,Delaware,8633.21,234.989
2014,District of Columbia,9477.46,234.989
2014,Florida,5370.11,234.989
2014,Georgia,5589.69,234.989
2014,Hawaii,7420.68,234.989
2014,Idaho,3939.46,234.989
2014,Illinois,7822.4,234.989
2014,Indiana,5470.54,234.989
2014,Iowa,6510.43,234.989
2014,Kansas,6110.1,234.989
2014,Kentucky,5329.03,234.989
2014,Louisiana,6050.19,234.989
2014,Maine,7284.27,234.989
2014,Maryland,8635.05,234.989
2014,Massachusetts,9225.37,234.989
2014,Michigan,6496.77,234.989
2014,Minnesota,7440.89,234.989
2014,Mississippi,4628.31,234.989
2014,Missouri,5871.46,234.989
2014,Montana,6589.56,234.989
2014,Nebraska,7713.61,234.989
2014,Nevada,4829.33,234.989
2014,New Hampshire,9012.94,234.989
2014,New Jersey,10390.93,234.989
2014,New Mexico,5233.94,234.989
2014,New York,14286.54,234.989
2014,North Carolina,5254.04,234.989
2014,North Dakota,7346.32,234.989
2014,Ohio,6508.85,234.989
2014,Oklahoma,4228.06,234.989
2014,Oregon,5765.71,234.989
2014,Pennsylvania,8496.53,234.989
2014,Rhode Island,8550.1,234.989
2014,South Carolina,5424.9,234.989
2014,South Dakota,5246.52,234.989
2014,Tennessee,5336.15,234.989
2014,Texas,5124.73,234.989
2014,Utah,4096.28,234.989
2014,Vermont,10164.62,234.989
2014,Virginia,6645.01,234.989
2014,Washington,5925.48,234.989
2014,West Virginia,6497.51,234.989
2014,Wisconsin,6572.45,234.989
2014,Wyoming,9338.01,234.989
2015,United States,6902.73,236.6704167
2015,Alabama,5190.67,236.6704167
2015,Alaska,11354.14,236.6704167
2015,Arizona,4016.2,236.6704167
2015,Arkansas,5454.81,236.6704167
2015,California,6254.84,236.6704167
2015,Colorado,5240.11,236.6704167
2015,Connecticut,11341.03,236.6704167
2015,Delaware,8718.33,236.6704167
2015,District of Columbia,10399.85,236.6704167
2015,Florida,5442.1,236.6704167
2015,Georgia,5764.69,236.6704167
2015,Hawaii,7553.91,236.6704167
2015,Idaho,4125.09,236.6704167
2015,Illinois,8331.36,236.6704167
2015,Indiana,5510.39,236.6704167
2015,Iowa,6696.69,236.6704167
2015,Kansas,6136.91,236.6704167
2015,Kentucky,5530.7,236.6704167
2015,Louisiana,6203.95,236.6704167
2015,Maine,7619.2,236.6704167
2015,Maryland,8792.99,236.6704167
2015,Massachusetts,9614.47,236.6704167
2015,Michigan,6721.76,236.6704167
2015,Minnesota,7753.98,236.6704167
2015,Mississippi,4795.85,236.6704167
2015,Missouri,6034.83,236.6704167
2015,Montana,6515.87,236.6704167
2015,Nebraska,7834.93,236.6704167
2015,Nevada,4944.6,236.6704167
2015,New Hampshire,9190.46,236.6704167
2015,New Jersey,10578.69,236.6704167
2015,New Mexico,5436.15,236.6704167
2015,New York,14768.55,236.6704167
2015,North Carolina,5433.37,236.6704167
2015,North Dakota,7782.74,236.6704167
2015,Ohio,6654.58,236.6704167
2015,Oklahoma,4465.94,236.6704167
2015,Oregon,6073.87,236.6704167
2015,Pennsylvania,8987.81,236.6704167
2015,Rhode Island,8874.14,236.6704167
2015,South Carolina,5475.7,236.6704167
2015,South Dakota,5254.27,236.6704167
2015,Tennessee,5369.63,236.6704167
2015,Texas,5343.97,236.6704167
2015,Utah,4125.42,236.6704167
2015,Vermont,10823.3,236.6704167
2015,Virginia,6838.32,236.6704167
2015,Washington,6069.76,236.6704167
2015,West Virginia,6500.56,236.6704167
2015,Wisconsin,6641.2,236.6704167
2015,Wyoming,9544.46,236.6704167
2016,United States,7161.1,238.2429167
2016,Alabama,5262.98,238.2429167
2016,Alaska,9448.72,238.2429167
2016,Arizona,4077.11,238.2429167
2016,Arkansas,5539.31,238.2429167
2016,California,6849.2,238.2429167
2016,Colorado,5422.8,238.2429167
2016,Connecticut,11656.44,238.2429167
2016,Delaware,9190.78,238.2429167
2016,District of Columbia,11833.42,238.2429167
2016,Florida,5478.03,238.2429167
2016,Georgia,5974.95,238.2429167
2016,Hawaii,8066.4,238.2429167
2016,Idaho,4261.66,238.2429167
2016,Illinois,8635.97,238.2429167
2016,Indiana,5705.51,238.2429167
2016,Iowa,6786.64,238.2429167
2016,Kansas,6063.4,238.2429167
2016,Kentucky,5707.66,238.2429167
2016,Louisiana,6199.04,238.2429167
2016,Maine,7591.08,238.2429167
2016,Maryland,8848.43,238.2429167
2016,Massachusetts,9712.84,238.2429167
2016,Michigan,6822.92,238.2429167
2016,Minnesota,8073.51,238.2429167
2016,Mississippi,4951.49,238.2429167
2016,Missouri,6156.03,238.2429167
2016,Montana,6700.63,238.2429167
2016,Nebraska,8008.36,238.2429167
2016,Nevada,5182.68,238.2429167
2016,New Hampshire,9610.42,238.2429167
2016,New Jersey,10715.87,238.2429167
2016,New Mexico,5418.47,238.2429167
2016,New York,15746.5,238.2429167
2016,North Carolina,5513.09,238.2429167
2016,North Dakota,8005.33,238.2429167
2016,Ohio,7070.55,238.2429167
2016,Oklahoma,4527.62,238.2429167
2016,Oregon,6326.99,238.2429167
2016,Pennsylvania,9461.16,238.2429167
2016,Rhode Island,9035.21,238.2429167
2016,South Carolina,5629.22,238.2429167
2016,South Dakota,5360.19,238.2429167
2016,Tennessee,5405.79,238.2429167
2016,Texas,5513.67,238.2429167
2016,Utah,4466.54,238.2429167
2016,Vermont,10720.19,238.2429167
2016,Virginia,6965.57,238.2429167
2016,Washington,6538.32,238.2429167
2016,West Virginia,6507.46,238.2429167
2016,Wisconsin,6697.24,238.2429167
2016,Wyoming,9750.12,238.2429167
2017,United States,7405.7,242.6751667
2017,Alabama,5427.47,242.6751667
2017,Alaska,9538.24,242.6751667
2017,Arizona,4308.04,242.6751667
2017,Arkansas,5611.34,242.6751667
2017,California,7222.54,242.6751667
2017,Colorado,5512.67,242.6751667
2017,Connecticut,11861.35,242.6751667
2017,Delaware,9532.25,242.6751667
2017,District of Columbia,12195.43,242.6751667
2017,Florida,5593.08,242.6751667
2017,Georgia,6154.88,242.6751667
2017,Hawaii,8372.65,242.6751667
2017,Idaho,4434.62,242.6751667
2017,Illinois,9390.83,242.6751667
2017,Indiana,5813.74,242.6751667
2017,Iowa,6947.85,242.6751667
2017,Kansas,6735.5,242.6751667
2017,Kentucky,5795.03,242.6751667
2017,Louisiana,6244.68,242.6751667
2017,Maine,7766.91,242.6751667
2017,Maryland,9480.98,242.6751667
2017,Massachusetts,10057.44,242.6751667
2017,Michigan,6947.18,242.6751667
2017,Minnesota,8199.53,242.6751667
2017,Mississippi,4971.17,242.6751667
2017,Missouri,6299.58,242.6751667
2017,Montana,6753.19,242.6751667
2017,Nebraska,8207.58,242.6751667
2017,Nevada,5471.8,242.6751667
2017,New Hampshire,9826.01,242.6751667
2017,New Jersey,11076.24,242.6751667
2017,New Mexico,5493.15,242.6751667
2017,New York,16112.79,242.6751667
2017,North Carolina,5712.39,242.6751667
2017,North Dakota,8255.89,242.6751667
2017,Ohio,7436.03,242.6751667
2017,Oklahoma,4447.18,242.6751667
2017,Oregon,6567.72,242.6751667
2017,Pennsylvania,9718.54,242.6751667
2017,Rhode Island,9307.63,242.6751667
2017,South Carolina,5797.62,242.6751667
2017,South Dakota,5888.67,242.6751667
2017,Tennessee,5584.39,242.6751667
2017,Texas,5541.74,242.6751667
2017,Utah,4593.79,242.6751667
2017,Vermont,11038.63,242.6751667
2017,Virginia,7235.7,242.6751667
2017,Washington,6933.19,242.6751667
2017,West Virginia,6623.38,242.6751667
2017,Wisconsin,7028.75,242.6751667
2017,Wyoming,9778.71,242.6751667
2018,United States,7607.56,248.1315
2018,Alabama,5520.6,248.1315
2018,Alaska,9495.44,248.1315
2018,Arizona,4459.49,248.1315
2018,Arkansas,5723.21,248.1315
2018,California,7187.87,248.1315
2018,Colorado,5697.24,248.1315
2018,Connecticut,12322.07,248.1315
2018,Delaware,9723.3,248.1315
2018,District of Columbia,13365.09,248.1315
2018,Florida,5771.76,248.1315
2018,Georgia,6572.44,248.1315
2018,Hawaii,9047.22,248.1315
2018,Idaho,4620.05,248.1315
2018,Illinois,9581.85,248.1315
2018,Indiana,5931.29,248.1315
2018,Iowa,7090.61,248.1315
2018,Kansas,7139.86,248.1315
2018,Kentucky,6516.57,248.1315
2018,Louisiana,6427.07,248.1315
2018,Maine,7932.85,248.1315
2018,Maryland,9277.18,248.1315
2018,Massachusetts,10676.7,248.1315
2018,Michigan,7179.04,248.1315
2018,Minnesota,8421.8,248.1315
2018,Mississippi,5043.33,248.1315
2018,Missouri,6527.35,248.1315
2018,Montana,6881.32,248.1315
2018,Nebraska,8216.18,248.1315
2018,Nevada,5429.42,248.1315
2018,New Hampshire,10585.98,248.1315
2018,New Jersey,11266.25,248.1315
2018,New Mexico,5372.58,248.1315
2018,New York,16668.24,248.1315
2018,North Carolina,5896.17,248.1315
2018,North Dakota,8199.34,248.1315
2018,Ohio,7680.49,248.1315
2018,Oklahoma,4556,248.1315
2018,Oregon,6953.45,248.1315
2018,Pennsylvania,10107.77,248.1315
2018,Rhode Island,9398.31,248.1315
2018,South Carolina,5928.18,248.1315
2018,South Dakota,5959.89,248.1315
2018,Tennessee,5807.19,248.1315
2018,Texas,5695.09,248.1315
2018,Utah,4828,248.1315
2018,Vermont,11558.85,248.1315
2018,Virginia,7455.92,248.1315
2018,Washington,7555.59,248.1315
2018,West Virginia,6509.85,248.1315
2018,Wisconsin,7148.58,248.1315
2018,Wyoming,9642.05,248.1315
2019,United States,7963.02,253.2578333
2019,Alabama,5715.38,253.2578333
2019,Alaska,9789.19,253.2578333
2019,Arizona,4705.45,253.2578333
2019,Arkansas,5842.19,253.2578333
2019,California,8372.97,253.2578333
2019,Colorado,6105.31,253.2578333
2019,Connecticut,12662.44,253.2578333
2019,Delaware,10064.22,253.2578333
2019,District of Columbia,10957.28,253.2578333
2019,Florida,5899.93,253.2578333
2019,Georgia,6757.64,253.2578333
2019,Hawaii,9378.33,253.2578333
2019,Idaho,4753.1,253.2578333
2019,Illinois,9756.23,253.2578333
2019,Indiana,5963.76,253.2578333
2019,Iowa,7147.52,253.2578333
2019,Kansas,7266.04,253.2578333
2019,Kentucky,6605.11,253.2578333
2019,Louisiana,6561.58,253.2578333
2019,Maine,8247.2,253.2578333
2019,Maryland,9489.11,253.2578333
2019,Massachusetts,11073.37,253.2578333
2019,Michigan,7363.64,253.2578333
2019,Minnesota,8682.73,253.2578333
2019,Mississippi,5258.33,253.2578333
2019,Missouri,6332.37,253.2578333
2019,Montana,7087.13,253.2578333
2019,Nebraska,7910.08,253.2578333
2019,Nevada,5432.93,253.2578333
2019,New Hampshire,10915.08,253.2578333
2019,New Jersey,11825.64,253.2578333
2019,New Mexico,5751,253.2578333
2019,New York,17355.2,253.2578333
2019,North Carolina,6205.76,253.2578333
2019,North Dakota,8425.5,253.2578333
2019,Ohio,7994.05,253.2578333
2019,Oklahoma,5243.17,253.2578333
2019,Oregon,7228.34,253.2578333
2019,Pennsylvania,10339.75,253.2578333
2019,Rhode Island,9688.9,253.2578333
2019,South Carolina,6074.38,253.2578333
2019,South Dakota,6008.91,253.2578333
2019,Tennessee,5984.09,253.2578333
2019,Texas,5804.18,253.2578333
2019,Utah,5067.77,253.2578333
2019,Vermont,11912.95,253.2578333
2019,Virginia,7672.09,253.2578333
2019,Washington,8491.38,253.2578333
2019,West Virginia,6918.95,253.2578333
2019,Wisconsin,7399.85,253.2578333
2019,Wyoming,9693.64,253.2578333
2020,United States,8182.635069,257.27275
2020,Alabama,5883.155319,257.27275
2020,Alaska,9752.940909,257.27275
2020,Arizona,4801.302316,257.27275
2020,Arkansas,5810.195922,257.27275
2020,California,8316.382617,257.27275
2020,Colorado,6350.612161,257.27275
2020,Connecticut,12879.9485,257.27275
2020,Delaware,9827.201657,257.27275
2020,District of Columbia,11520.02119,257.27275
2020,Florida,6082.452109,257.27275
2020,Georgia,7110.756316,257.27275
2020,Hawaii,9805.608323,257.27275
2020,Idaho,4974.714964,257.27275
2020,Illinois,10539.99902,257.27275
2020,Indiana,6213.152227,257.27275
2020,Iowa,7194.168451,257.27275
2020,Kansas,7789.713527,257.27275
2020,Kentucky,6664.773581,257.27275
2020,Louisiana,6626.111736,257.27275
2020,Maine,8828.491683,257.27275
2020,Maryland,9782.672884,257.27275
2020,Massachusetts,11713.5599,257.27275
2020,Michigan,7534.643523,257.27275
2020,Minnesota,8885.405917,257.27275
2020,Mississippi,5545.95353,257.27275
2020,Missouri,6364.121417,257.27275
2020,Montana,7130.524346,257.27275
2020,Nebraska,8007.154788,257.27275
2020,Nevada,5748.276857,257.27275
2020,New Hampshire,11228.18357,257.27275
2020,New Jersey,12074.42433,257.27275
2020,New Mexico,6580.14345,257.27275
2020,New York,17813.10174,257.27275
2020,North Carolina,6270.274545,257.27275
2020,North Dakota,8616.288782,257.27275
2020,Ohio,8212.903418,257.27275
2020,Oklahoma,5423.848765,257.27275
2020,Oregon,7460.016019,257.27275
2020,Pennsylvania,10576.70493,257.27275
2020,Rhode Island,10023.38855,257.27275
2020,South Carolina,6392.555774,257.27275
2020,South Dakota,6030.511508,257.27275
2020,Tennessee,5977.342429,257.27275
2020,Texas,6147.209777,257.27275
2020,Utah,5281.256591,257.27275
2020,Vermont,12456.51896,257.27275
2020,Virginia,7827.81148,257.27275
2020,Washington,8592.082092,257.27275
2020,West Virginia,7137.745459,257.27275
2020,Wisconsin,7559.675491,257.27275
2020,Wyoming,9898.752043,257.27275